id_product;name;brand;priceU;salePriceU;article
133908807;AllConsoles;AllConsoles;39756.0;9923.0;1074-CB grey
94871429;AllConsoles;AllConsoles;57105.0;18707.0;1011-CS clear
133679480;AllConsoles;AllConsoles;47019.0;17237.0;1054-CG grey
180716147;SIMPLE STORY;SIMPLE STORY;2170.0;1690.0;2047-LED10TRB
182712367;SIMPLE STORY;SIMPLE STORY;4744.0;3695.0;2057-LED3PLCR
186701393;SIMPLE STORY;SIMPLE STORY;6071.0;4978.0;1118-1WL
186701390;SIMPLE STORY;SIMPLE STORY;6071.0;4978.0;1115-1WL
133676995;AllConsoles;AllConsoles;42840.0;11695.0;1044-CB grey
133908801;AllConsoles;AllConsoles;42570.0;8965.0;1074-CB clear
94944963;AllConsoles;AllConsoles;65789.0;17960.0;1011-CG grey
94957186;AllConsoles;AllConsoles;48497.0;14752.0;1031-CG grey
94945908;AllConsoles;AllConsoles;58269.0;14089.0;1041-CS grey
190060001;AllConsoles;AllConsoles;31805.0;9923.0;1074-CG grey
94618176;AllConsoles;AllConsoles;44319.0;12790.0;1041-CG clear
94618175;AllConsoles;AllConsoles;53569.0;13370.0;1031-CB clear
190060000;AllConsoles;AllConsoles;35120.0;9587.0;1074-CG clear
94618181;AllConsoles;AllConsoles;47481.0;13703.0;1031-CG clear
141205658;AllConsoles;AllConsoles;51204.0;11981.0;1042-CB grey
95059807;AllConsoles;AllConsoles;47618.0;10771.0;1044-CG clear
193230580;AllConsoles;AllConsoles;15103.0;5772.0;1024-CTG clear
95059791;AllConsoles;AllConsoles;54405.0;11457.0;1043-CG grey
133908802;AllConsoles;AllConsoles;46890.0;9143.0;1073-CB grey
95059578;AllConsoles;AllConsoles;60847.0;11865.0;1033-CB clear
149295840;AllConsoles;AllConsoles;48181.0;16535.0;1012-CB grey
94957188;AllConsoles;AllConsoles;55958.0;15713.0;1031-CB grey
193393517;AllConsoles;AllConsoles;12132.0;5772.0;1024-CTG grey
95059582;AllConsoles;AllConsoles;43749.0;13990.0;1033-CG grey
95059789;AllConsoles;AllConsoles;42606.0;10966.0;1044-CB clear
95059580;AllConsoles;AllConsoles;60983.0;12843.0;1033-CB grey
95059811;AllConsoles;AllConsoles;48057.0;10870.0;1043-CB clear
95059801;AllConsoles;AllConsoles;54064.0;10964.0;1043-CG clear
94520420;AllConsoles;AllConsoles;59297.0;16650.0;1011-CG clear
94520421;AllConsoles;AllConsoles;65789.0;18473.0;1011-CB grey
94618177;AllConsoles;AllConsoles;53183.0;11615.0;1041-CB clear
148235762;AllConsoles;AllConsoles;53774.0;10905.0;1083-CG clear
141205586;AllConsoles;AllConsoles;52665.0;19717.0;1024-CS grey
141199222;AllConsoles;AllConsoles;44237.0;13456.0;1042-CS grey
133679251;AllConsoles;AllConsoles;49504.0;17762.0;1052-CG grey
95059806;AllConsoles;AllConsoles;48524.0;11733.0;1043-CB grey
94871563;AllConsoles;AllConsoles;51223.0;17979.0;1012-CS clear
148263904;AllConsoles;AllConsoles;52015.0;15822.0;1123-CG grey
148263893;AllConsoles;AllConsoles;62139.0;14540.0;1124-CG grey
133676994;AllConsoles;AllConsoles;49140.0;11115.0;1044-CG grey
148263901;AllConsoles;AllConsoles;50495.0;15360.0;1123-CG clear
190913094;AllConsoles;AllConsoles;40838.0;14971.0;1014-CG grey
95059804;AllConsoles;AllConsoles;49809.0;17482.0;1052-CB clear
148235760;AllConsoles;AllConsoles;45017.0;16503.0;1031-CB_S grey
148235756;AllConsoles;AllConsoles;49599.0;14314.0;1031-CB_G grey
95059674;AllConsoles;AllConsoles;48721.0;15960.0;1033-CS grey
95059815;AllConsoles;AllConsoles;36696.0;12021.0;1042-CG clear
94870652;AllConsoles;AllConsoles;57885.0;17157.0;1011-CB clear
95059819;AllConsoles;AllConsoles;47908.0;11957.0;1042-CB clear
94870880;AllConsoles;AllConsoles;56763.0;15939.0;1012-CG clear
149296080;AllConsoles;AllConsoles;40838.0;14971.0;1014-CB grey
148263917;AllConsoles;AllConsoles;37009.0;13567.0;1082-CS clear
94943751;AllConsoles;AllConsoles;55720.0;20426.0;1022-CS clear
94943859;AllConsoles;AllConsoles;53179.0;19495.0;1024-CS clear
94618229;AllConsoles;AllConsoles;59577.0;20911.0;1051-CS clear
94945029;AllConsoles;AllConsoles;58720.0;20152.0;1011-CS grey
94616508;AllConsoles;AllConsoles;55335.0;17696.0;1021-CB grey
148263899;AllConsoles;AllConsoles;41222.0;12539.0;1084-CS clear
148263889;AllConsoles;AllConsoles;48279.0;10920.0;1084-CB grey
148263902;AllConsoles;AllConsoles;42425.0;12905.0;1084-CS grey
94945983;AllConsoles;AllConsoles;59220.0;21248.0;1051-CS grey
94945909;AllConsoles;AllConsoles;52827.0;14009.0;1041-CB grey
94618182;AllConsoles;AllConsoles;63325.0;18275.0;1051-CB grey
134171006;AllConsoles;AllConsoles;57342.0;13865.0;1094-CB clear
148263890;AllConsoles;AllConsoles;57381.0;14769.0;1124-CG clear
148263918;AllConsoles;AllConsoles;58780.0;14213.0;1124-CB grey
94957187;AllConsoles;AllConsoles;44219.0;15865.0;1031-CS grey
94957189;AllConsoles;AllConsoles;42392.0;15540.0;1031-CS clear
94943949;AllConsoles;AllConsoles;51569.0;13676.0;1041-CS clear
148235759;AllConsoles;AllConsoles;49441.0;14268.0;1033-CB_S grey
94945907;AllConsoles;AllConsoles;42491.0;13257.0;1041-CG grey
95059802;AllConsoles;AllConsoles;41808.0;13044.0;1042-CS clear
95059583;AllConsoles;AllConsoles;44252.0;12771.0;1033-CG clear
95059676;AllConsoles;AllConsoles;49450.0;14656.0;1033-CS clear
134171015;AllConsoles;AllConsoles;58741.0;14203.0;1094-CB grey
148263892;AllConsoles;AllConsoles;40763.0;11446.0;1084-CG clear
148235758;AllConsoles;AllConsoles;47481.0;13703.0;1031-CB_G clear
148263897;AllConsoles;AllConsoles;60449.0;14616.0;1123-CB grey
193224532;AllConsoles;AllConsoles;17620.0;5772.0;1024-CTB grey
95059788;AllConsoles;AllConsoles;66528.0;16605.0;1063-CG clear
95059809;AllConsoles;AllConsoles;73275.0;14860.0;1054-CB clear
133908811;AllConsoles;AllConsoles;47320.0;8858.0;1073-CB clear
193154370;AllConsoles;AllConsoles;16087.0;5772.0;1024-CTB clear
95059805;AllConsoles;AllConsoles;70329.0;15908.0;1063-CB clear
94946318;AllConsoles;AllConsoles;74766.0;16912.0;1061-CG grey
94618192;AllConsoles;AllConsoles;73583.0;16644.0;1061-CG clear
95059793;AllConsoles;AllConsoles;71288.0;16125.0;1063-CB grey
94618189;AllConsoles;AllConsoles;75747.0;15952.0;1061-CB clear
94618178;AllConsoles;AllConsoles;76965.0;16809.0;1061-CB grey
148235767;AllConsoles;AllConsoles;54124.0;11398.0;1083-CG grey
133908804;AllConsoles;AllConsoles;53774.0;10905.0;1083-CB clear
133908817;AllConsoles;AllConsoles;54124.0;11398.0;1083-CB grey
134171012;AllConsoles;AllConsoles;59720.0;12111.0;1104-CB clear
134171024;AllConsoles;AllConsoles;60545.0;11806.0;1104-CB grey
95059786;AllConsoles;AllConsoles;59791.0;20053.0;1053-CS grey
94945735;AllConsoles;AllConsoles;53613.0;19654.0;1023-CS grey
95059800;AllConsoles;AllConsoles;58607.0;17828.0;1053-CB grey
95059817;AllConsoles;AllConsoles;67435.0;16831.0;1063-CG grey
148263912;AllConsoles;AllConsoles;49761.0;18630.0;1121-CS clear
148263891;AllConsoles;AllConsoles;50820.0;18630.0;1122-CS grey
148263916;AllConsoles;AllConsoles;51553.0;19301.0;1121-CS grey
148263908;AllConsoles;AllConsoles;47187.0;17298.0;1121-CG grey
185377864;SIMPLE STORY;SIMPLE STORY;26380.0;20550.0;1058-8PL
141205432;AllConsoles;AllConsoles;55308.0;20707.0;1022-CS grey
148235768;AllConsoles;AllConsoles;43190.0;15833.0;1031-CB_S clear
148263888;AllConsoles;AllConsoles;49497.0;18145.0;1122-CS clear
148263905;AllConsoles;AllConsoles;45360.0;16628.0;1121-CG clear
149297210;AllConsoles;AllConsoles;51408.0;15638.0;1121-CB clear
148263914;AllConsoles;AllConsoles;53077.0;15318.0;1124-CB clear
141199407;AllConsoles;AllConsoles;53283.0;18286.0;1012-CS grey
141199406;AllConsoles;AllConsoles;57817.0;16685.0;1012-CG grey
94870768;AllConsoles;AllConsoles;43750.0;16038.0;1013-CB clear
95059797;AllConsoles;AllConsoles;46501.0;16684.0;1054-CG clear
148263913;AllConsoles;AllConsoles;38324.0;11957.0;1082-CG grey
148263907;AllConsoles;AllConsoles;38324.0;11957.0;1082-CB grey
148263919;AllConsoles;AllConsoles;38332.0;14052.0;1082-CS grey
148263903;AllConsoles;AllConsoles;36857.0;11786.0;1082-CB clear
148263909;AllConsoles;AllConsoles;36857.0;11786.0;1082-CG clear
94616598;AllConsoles;AllConsoles;56560.0;20734.0;1021-CS grey
190913093;AllConsoles;AllConsoles;36499.0;14234.0;1014-CG clear
95059792;AllConsoles;AllConsoles;59203.0;17085.0;1053-CB clear
94943670;AllConsoles;AllConsoles;55748.0;20437.0;1021-CS clear
95059795;AllConsoles;AllConsoles;59091.0;20280.0;1053-CS clear
94943800;AllConsoles;AllConsoles;52955.0;19413.0;1023-CS clear
94942301;AllConsoles;AllConsoles;53277.0;17453.0;1021-CB clear
148235763;AllConsoles;AllConsoles;42063.0;15420.0;1081-CS grey
148235761;AllConsoles;AllConsoles;42289.0;13194.0;1081-CG grey
133908815;AllConsoles;AllConsoles;40527.0;13908.0;1081-CB grey
148235775;AllConsoles;AllConsoles;43073.0;12094.0;1081-CG clear
134171011;AllConsoles;AllConsoles;49217.0;18042.0;1091-CB grey
148235752;AllConsoles;AllConsoles;40236.0;14750.0;1081-CS clear
148263895;AllConsoles;AllConsoles;42090.0;11490.0;1084-CG grey
94944643;AllConsoles;AllConsoles;52365.0;18380.0;1051-CG clear
134171007;AllConsoles;AllConsoles;47390.0;17373.0;1091-CB clear
94618180;AllConsoles;AllConsoles;55940.0;15707.0;1012-CB clear
94618190;AllConsoles;AllConsoles;39361.0;14429.0;1014-CB clear
94618173;AllConsoles;AllConsoles;54171.0;16901.0;1022-CB clear
94618184;AllConsoles;AllConsoles;44751.0;16405.0;1013-CB grey
133908803;AllConsoles;AllConsoles;43073.0;12094.0;1081-CB clear
94618188;AllConsoles;AllConsoles;53193.0;18670.0;1051-CG grey
134171005;AllConsoles;AllConsoles;49686.0;16277.0;1093-CB clear
94944048;AllConsoles;AllConsoles;52365.0;18380.0;1051-CB clear
141199527;AllConsoles;AllConsoles;53748.0;17607.0;1022-CB grey
148266885;AllConsoles;AllConsoles;36971.0;11246.0;1084-CB clear
148263894;AllConsoles;AllConsoles;58684.0;14189.0;1123-CB clear
134171016;AllConsoles;AllConsoles;50996.0;15512.0;1092-CB grey
134171010;AllConsoles;AllConsoles;47116.0;14332.0;1103-CB clear
141196773;AllConsoles;AllConsoles;43749.0;13990.0;1033-CB_G grey
148235773;AllConsoles;AllConsoles;49062.0;13776.0;1033-CB_S clear
141196774;AllConsoles;AllConsoles;44252.0;12771.0;1033-CB_G clear
148235754;AllConsoles;AllConsoles;53425.0;14168.0;1083-CS grey
134171013;AllConsoles;AllConsoles;51106.0;16742.0;1093-CB grey
134171014;AllConsoles;AllConsoles;49497.0;15056.0;1092-CB clear
148235764;AllConsoles;AllConsoles;51659.0;13699.0;1083-CS clear
95059794;AllConsoles;AllConsoles;49809.0;17482.0;1052-CG clear
141205702;AllConsoles;AllConsoles;55145.0;16775.0;1054-CB grey
134171009;AllConsoles;AllConsoles;47897.0;14570.0;1103-CB grey
185403125;SIMPLE STORY;SIMPLE STORY;17807.0;14601.0;1160-LED30PL
181408535;SIMPLE STORY;SIMPLE STORY;2696.0;2100.0;2077-LED24DLW
181408536;SIMPLE STORY;SIMPLE STORY;2312.0;1801.0;2077-LED24DLB
181537259;SIMPLE STORY;SIMPLE STORY;1590.0;1238.0;2081-LED12DLW
184499051;SIMPLE STORY;SIMPLE STORY;21746.0;16940.0;1096-4CL
122900342;SIMPLE STORY;SIMPLE STORY;25020.0;19490.0;1025-3PL
180716148;SIMPLE STORY;SIMPLE STORY;2184.0;1701.0;2047-LED10TRW
122902907;SIMPLE STORY;SIMPLE STORY;42161.0;32843.0;1103-6PL
186052523;SIMPLE STORY;SIMPLE STORY;15574.0;12132.0;1124-1PL
122900336;SIMPLE STORY;SIMPLE STORY;14394.0;11212.0;1110-4WL
122900603;SIMPLE STORY;SIMPLE STORY;11950.0;9309.0;1099-2WL
122900345;SIMPLE STORY;SIMPLE STORY;11767.0;9166.0;5831-1PL
179358682;SIMPLE STORY;SIMPLE STORY;9900.0;7712.0;5581-1WL
122902806;SIMPLE STORY;SIMPLE STORY;9592.0;7472.0;1030-1WL
122902808;SIMPLE STORY;SIMPLE STORY;8584.0;6686.0;1106-2WL
122900331;SIMPLE STORY;SIMPLE STORY;6888.0;5365.0;1171-1PL
186620129;SIMPLE STORY;SIMPLE STORY;5993.0;4668.0;1053-1PL
179905007;SIMPLE STORY;SIMPLE STORY;806.0;627.0;2031-1DLW
122900333;SIMPLE STORY;SIMPLE STORY;11380.0;8865.0;1156-LED15PL
187980497;SIMPLE STORY;SIMPLE STORY;563.0;461.0;2071-1DLB
183589881;SIMPLE STORY;SIMPLE STORY;43645.0;33999.0;1081-LED20PL
186010094;SIMPLE STORY;SIMPLE STORY;9468.0;7375.0;1121-1PL
183159345;SIMPLE STORY;SIMPLE STORY;6988.0;5443.0;1109-2WL
181125802;SIMPLE STORY;SIMPLE STORY;950.0;740.0;2066-1DLBW
187985979;SIMPLE STORY;SIMPLE STORY;519.0;433.0;2084-LED5DLW
185222411;SIMPLE STORY;SIMPLE STORY;21132.0;16461.0;1010-9PL
191349949;AllConsoles;AllConsoles;41671.0;18851.0;1091-CG clear
191101422;AllConsoles;AllConsoles;25424.0;12096.0;1072-CB grey
122900340;SIMPLE STORY;SIMPLE STORY;28300.0;22045.0;1026-3PL
122900330;SIMPLE STORY;SIMPLE STORY;2535.0;1974.0;2018-2WLW
122900326;SIMPLE STORY;SIMPLE STORY;2535.0;1974.0;2017-2WLW
191101423;AllConsoles;AllConsoles;33701.0;11829.0;1072-CG clear
182108229;SIMPLE STORY;SIMPLE STORY;199.0;199.0;2003-TRB
182108232;SIMPLE STORY;SIMPLE STORY;199.0;199.0;2004-TRW
190952201;AllConsoles;AllConsoles;30678.0;13878.0;1071-CS clear
187985978;SIMPLE STORY;SIMPLE STORY;714.0;556.0;2084-LED12DLW
183698948;SIMPLE STORY;SIMPLE STORY;98652.0;76849.0;1032-7PL
183579679;SIMPLE STORY;SIMPLE STORY;98652.0;76849.0;1031-7PL
183794171;SIMPLE STORY;SIMPLE STORY;80190.0;62468.0;5521-7PL
183657110;SIMPLE STORY;SIMPLE STORY;73763.0;57461.0;1045-8PL
183579680;SIMPLE STORY;SIMPLE STORY;72936.0;56817.0;1031-R7PL
183698947;SIMPLE STORY;SIMPLE STORY;60060.0;49249.0;1032-R7PL
183876850;SIMPLE STORY;SIMPLE STORY;62993.0;49071.0;5581-6PL
181849499;SIMPLE STORY;SIMPLE STORY;62993.0;49071.0;5931-7PL
183579678;SIMPLE STORY;SIMPLE STORY;59000.0;45961.0;1031-6PL
183982190;SIMPLE STORY;SIMPLE STORY;58932.0;45908.0;1013-12PL
183794172;SIMPLE STORY;SIMPLE STORY;55793.0;43462.0;5521-6PL
183150451;SIMPLE STORY;SIMPLE STORY;53772.0;41888.0;1028-12PL
183986453;SIMPLE STORY;SIMPLE STORY;50515.0;39351.0;1033-5CL
182929997;SIMPLE STORY;SIMPLE STORY;50397.0;39259.0;1094-8PL
184972872;SIMPLE STORY;SIMPLE STORY;47812.0;39205.0;1038-12PL
184007892;SIMPLE STORY;SIMPLE STORY;49497.0;38558.0;48271-4PL
183439614;SIMPLE STORY;SIMPLE STORY;48923.0;38111.0;1166-LED56PL
183657109;SIMPLE STORY;SIMPLE STORY;46298.0;37964.0;1045-5PL
184338282;SIMPLE STORY;SIMPLE STORY;45863.0;37607.0;1091-9PL
184159694;SIMPLE STORY;SIMPLE STORY;47880.0;37298.0;1083-LED20PL
184159693;SIMPLE STORY;SIMPLE STORY;47880.0;37298.0;1082-LED20PL
183698946;SIMPLE STORY;SIMPLE STORY;44054.0;36124.0;1032-6PL
184978333;SIMPLE STORY;SIMPLE STORY;44993.0;35049.0;50131-6PL
184558478;SIMPLE STORY;SIMPLE STORY;44603.0;34745.0;1104-9PL
182970405;SIMPLE STORY;SIMPLE STORY;44196.0;34428.0;1108-12PL
184974835;SIMPLE STORY;SIMPLE STORY;43645.0;33999.0;1080-LED20PL
184499050;SIMPLE STORY;SIMPLE STORY;40297.0;33043.0;1097-5PL
183788052;SIMPLE STORY;SIMPLE STORY;42300.0;32951.0;1046-5PL
184007890;SIMPLE STORY;SIMPLE STORY;41389.0;32242.0;48231-4PL
183986451;SIMPLE STORY;SIMPLE STORY;41007.0;31944.0;1033-4PL
184338281;SIMPLE STORY;SIMPLE STORY;40894.0;31856.0;1090-9PL
184286631;SIMPLE STORY;SIMPLE STORY;40467.0;31523.0;1087-LED28PL
184286630;SIMPLE STORY;SIMPLE STORY;40466.0;31523.0;1086-LED28PL
184037454;SIMPLE STORY;SIMPLE STORY;39600.0;30848.0;4871-3PL
184635371;SIMPLE STORY;SIMPLE STORY;37332.0;30612.0;1037-8PL
182350672;SIMPLE STORY;SIMPLE STORY;37200.0;30504.0;1106-12PL
184978334;SIMPLE STORY;SIMPLE STORY;38700.0;30147.0;50231-6PL
184338280;SIMPLE STORY;SIMPLE STORY;38663.0;30118.0;1089-9PL
184974247;SIMPLE STORY;SIMPLE STORY;38384.0;29901.0;10791-5PL
184988335;SIMPLE STORY;SIMPLE STORY;37440.0;29165.0;39141-5PL
183982192;SIMPLE STORY;SIMPLE STORY;36863.0;28716.0;1013-8PL
184499049;SIMPLE STORY;SIMPLE STORY;36189.0;28191.0;1096-5PL
184510366;SIMPLE STORY;SIMPLE STORY;33797.0;27713.0;1098-9PL
184007889;SIMPLE STORY;SIMPLE STORY;35100.0;27342.0;48131-4PL
183986452;SIMPLE STORY;SIMPLE STORY;34992.0;27258.0;1033-7PL
184350539;SIMPLE STORY;SIMPLE STORY;34899.0;27186.0;1093-7PL
184350537;SIMPLE STORY;SIMPLE STORY;34808.0;27115.0;1093-6PL
185126532;SIMPLE STORY;SIMPLE STORY;32746.0;26851.0;1176-LED40PL
184350538;SIMPLE STORY;SIMPLE STORY;33979.0;26469.0;1093-7CL
184521800;SIMPLE STORY;SIMPLE STORY;32818.0;25565.0;1103-4PL
184635370;SIMPLE STORY;SIMPLE STORY;30960.0;25387.0;1037-6PL
184692503;SIMPLE STORY;SIMPLE STORY;32561.0;25365.0;1038-6PL
183046709;SIMPLE STORY;SIMPLE STORY;32378.0;25222.0;1113-3PL
183046708;SIMPLE STORY;SIMPLE STORY;32378.0;25222.0;1112-3PL
184037453;SIMPLE STORY;SIMPLE STORY;30593.0;25086.0;4831-3PL
184973549;SIMPLE STORY;SIMPLE STORY;31852.0;24812.0;1061-5PL
181849500;SIMPLE STORY;SIMPLE STORY;31168.0;24279.0;5931PL3LED
183046710;SIMPLE STORY;SIMPLE STORY;30098.0;23446.0;1114-3PL
122900328;SIMPLE STORY;SIMPLE STORY;29861.0;23261.0;1094-4PL
182388100;SIMPLE STORY;SIMPLE STORY;29572.0;23036.0;1106-9PL
183150454;SIMPLE STORY;SIMPLE STORY;29572.0;23036.0;1028-9PL
183848755;SIMPLE STORY;SIMPLE STORY;28793.0;22429.0;5031-5PL
183434376;SIMPLE STORY;SIMPLE STORY;28224.0;21986.0;1023-LED30PL
183434375;SIMPLE STORY;SIMPLE STORY;28224.0;21986.0;1022-LED30PL
185378277;SIMPLE STORY;SIMPLE STORY;27781.0;21641.0;1093-6CL
181849498;SIMPLE STORY;SIMPLE STORY;27297.0;21264.0;5931-6PL3LED
184995931;SIMPLE STORY;SIMPLE STORY;25688.0;21064.0;1102-5PL
183407936;SIMPLE STORY;SIMPLE STORY;25692.0;20014.0;1162-LED30PL
184512733;SIMPLE STORY;SIMPLE STORY;24242.0;19878.0;1098-6PL
122900337;SIMPLE STORY;SIMPLE STORY;24424.0;19026.0;2057-LED15PLCR
184558479;SIMPLE STORY;SIMPLE STORY;23033.0;18887.0;1105-6PL
184338278;SIMPLE STORY;SIMPLE STORY;22894.0;18773.0;1090-6CL
184635369;SIMPLE STORY;SIMPLE STORY;24087.0;18763.0;1037-4PL
184330982;SIMPLE STORY;SIMPLE STORY;23560.0;18353.0;1020-LED9PL
185378081;SIMPLE STORY;SIMPLE STORY;23540.0;18337.0;1034-3PL
184338277;SIMPLE STORY;SIMPLE STORY;21563.0;17681.0;1088-6CL
184558477;SIMPLE STORY;SIMPLE STORY;22069.0;17191.0;1104-4PL
181849497;SIMPLE STORY;SIMPLE STORY;21834.0;17008.0;5931-5PL3LED
184499052;SIMPLE STORY;SIMPLE STORY;20124.0;15676.0;1097-4CL
183439613;SIMPLE STORY;SIMPLE STORY;19723.0;15364.0;1166-LED21CL
187218917;SIMPLE STORY;SIMPLE STORY;19624.0;15287.0;1164-LED70CL
185403123;SIMPLE STORY;SIMPLE STORY;19341.0;15066.0;1158-LED30PL
186806834;SIMPLE STORY;SIMPLE STORY;19180.0;14941.0;1021-5PL
182930960;SIMPLE STORY;SIMPLE STORY;18709.0;14574.0;1095-1PL
184286628;SIMPLE STORY;SIMPLE STORY;18519.0;14426.0;1086-LED16CL
184286629;SIMPLE STORY;SIMPLE STORY;18519.0;14426.0;1087-LED16CL
190952202;AllConsoles;AllConsoles;34353.0;14201.0;1071-CS grey
184145238;SIMPLE STORY;SIMPLE STORY;18141.0;14131.0;1080-LED12WL
183587162;SIMPLE STORY;SIMPLE STORY;18141.0;14131.0;1081-LED12WL
183587163;SIMPLE STORY;SIMPLE STORY;17976.0;14003.0;1081-LED8WL
122902811;SIMPLE STORY;SIMPLE STORY;17976.0;14003.0;1080-LED8WL
122900332;SIMPLE STORY;SIMPLE STORY;17828.0;13888.0;1032-1PL
184338279;SIMPLE STORY;SIMPLE STORY;16887.0;13847.0;1092-6CL
183439615;SIMPLE STORY;SIMPLE STORY;17596.0;13707.0;1165-LED26CL
185490734;SIMPLE STORY;SIMPLE STORY;17469.0;13608.0;1145-6PL
184975258;SIMPLE STORY;SIMPLE STORY;17100.0;13320.0;1085-LED4PL
122900311;SIMPLE STORY;SIMPLE STORY;17100.0;13320.0;1084-LED4PL
183407938;SIMPLE STORY;SIMPLE STORY;17070.0;13297.0;1163-LED20CL
183407937;SIMPLE STORY;SIMPLE STORY;17070.0;13297.0;1163-LED20PL
184159692;SIMPLE STORY;SIMPLE STORY;16557.0;12897.0;1082-LED4PL
122900339;SIMPLE STORY;SIMPLE STORY;16472.0;12831.0;1154-LED15PL
184037455;SIMPLE STORY;SIMPLE STORY;16193.0;12614.0;4871-1WL
187296855;SIMPLE STORY;SIMPLE STORY;16124.0;12560.0;1061-2WL
184037456;SIMPLE STORY;SIMPLE STORY;13497.0;10514.0;4831-1WL
122900320;SIMPLE STORY;SIMPLE STORY;12762.0;9941.0;1095-1CL
182746052;SIMPLE STORY;SIMPLE STORY;12597.0;9813.0;5031-1TL
122900305;SIMPLE STORY;SIMPLE STORY;12592.0;9809.0;5831-2WL
186960076;SIMPLE STORY;SIMPLE STORY;11712.0;9603.0;1063-4PL
186287485;SIMPLE STORY;SIMPLE STORY;11680.0;9577.0;1209-4PL
185853375;SIMPLE STORY;SIMPLE STORY;12120.0;9441.0;1138-2PL
185853374;SIMPLE STORY;SIMPLE STORY;12120.0;9441.0;1137-2PL
122900314;SIMPLE STORY;SIMPLE STORY;11767.0;9166.0;5881-1PL
122900323;SIMPLE STORY;SIMPLE STORY;11692.0;9108.0;5881-2WL
122900304;SIMPLE STORY;SIMPLE STORY;11666.0;9087.0;1095-1WL
179569881;SIMPLE STORY;SIMPLE STORY;11310.0;8810.0;1027-4WL
186287483;SIMPLE STORY;SIMPLE STORY;10684.0;8760.0;1208-4PL
187350655;SIMPLE STORY;SIMPLE STORY;10504.0;8613.0;1149-LED20PL
185405137;SIMPLE STORY;SIMPLE STORY;10889.0;8482.0;1036-2WL
187328463;SIMPLE STORY;SIMPLE STORY;9568.0;7845.0;1116-1PL
187350654;SIMPLE STORY;SIMPLE STORY;9490.0;7781.0;1148-LED20PL
186840356;SIMPLE STORY;SIMPLE STORY;9955.0;7754.0;1099-1WL
179358677;SIMPLE STORY;SIMPLE STORY;9900.0;7712.0;5521-1WL
182963286;SIMPLE STORY;SIMPLE STORY;9836.0;7662.0;1108-2WL
122900605;SIMPLE STORY;SIMPLE STORY;9796.0;7631.0;1036-1WL
185935621;SIMPLE STORY;SIMPLE STORY;9793.0;7628.0;1139-2WL
182798419;SIMPLE STORY;SIMPLE STORY;9592.0;7472.0;1079-1WL
122900611;SIMPLE STORY;SIMPLE STORY;9568.0;7453.0;1117-1PL
122900614;SIMPLE STORY;SIMPLE STORY;9568.0;7453.0;1118-1PL
187328462;SIMPLE STORY;SIMPLE STORY;9568.0;7453.0;1115-1PL
185848502;SIMPLE STORY;SIMPLE STORY;9565.0;7451.0;1093-6WL
185935620;SIMPLE STORY;SIMPLE STORY;9373.0;7301.0;1139-1WL
185457142;SIMPLE STORY;SIMPLE STORY;9212.0;7176.0;1034-1PL
122900309;SIMPLE STORY;SIMPLE STORY;8693.0;6771.0;1110-2WL
186052521;SIMPLE STORY;SIMPLE STORY;8587.0;6689.0;1122-1PL
182407056;SIMPLE STORY;SIMPLE STORY;8584.0;6686.0;1107-2WL
179572972;SIMPLE STORY;SIMPLE STORY;8525.0;6640.0;1027-3WL
122900608;SIMPLE STORY;SIMPLE STORY;8466.0;6595.0;1140-2WL
182746051;SIMPLE STORY;SIMPLE STORY;8393.0;6538.0;5031-2WL
122902810;SIMPLE STORY;SIMPLE STORY;8352.0;6506.0;1012-2WL
185500778;SIMPLE STORY;SIMPLE STORY;8299.0;6464.0;1140-1WL
179584781;SIMPLE STORY;SIMPLE STORY;8190.0;6380.0;1027-2WL
187203952;SIMPLE STORY;SIMPLE STORY;7592.0;6225.0;1039-1WL
122902809;SIMPLE STORY;SIMPLE STORY;7770.0;6052.0;1172-LED5WL
122900606;SIMPLE STORY;SIMPLE STORY;7735.0;6025.0;1098-1WL
187203951;SIMPLE STORY;SIMPLE STORY;7592.0;5914.0;1038-1WL
183159346;SIMPLE STORY;SIMPLE STORY;7123.0;5840.0;1109-1CL
187344993;SIMPLE STORY;SIMPLE STORY;7221.0;5625.0;1151-LED5PL
122900310;SIMPLE STORY;SIMPLE STORY;7020.0;5468.0;5931-1WL
179112206;SIMPLE STORY;SIMPLE STORY;7014.0;5463.0;5931-1PL
185848501;SIMPLE STORY;SIMPLE STORY;6970.0;5429.0;1093-4WL
186701392;SIMPLE STORY;SIMPLE STORY;6071.0;4729.0;1117-1WL
186701391;SIMPLE STORY;SIMPLE STORY;6071.0;4729.0;1116-1WL
183662004;SIMPLE STORY;SIMPLE STORY;5997.0;4671.0;1045-1WL
186701394;SIMPLE STORY;SIMPLE STORY;5980.0;4658.0;1120-1WL
187466961;SIMPLE STORY;SIMPLE STORY;5373.0;4185.0;1203-LED32CL
187344994;SIMPLE STORY;SIMPLE STORY;5296.0;4125.0;1152-LED5PL
185848500;SIMPLE STORY;SIMPLE STORY;5197.0;4048.0;1093-2WL
187466962;SIMPLE STORY;SIMPLE STORY;3535.0;2753.0;1205-LED12CL
181408538;SIMPLE STORY;SIMPLE STORY;3440.0;2679.0;2077-LED36DLB
181408537;SIMPLE STORY;SIMPLE STORY;3440.0;2679.0;2077-LED36DLW
181317689;SIMPLE STORY;SIMPLE STORY;3375.0;2629.0;2076-LED36DLW
181317688;SIMPLE STORY;SIMPLE STORY;3375.0;2629.0;2076-LED36DLB
187468489;SIMPLE STORY;SIMPLE STORY;3147.0;2451.0;2063-2CLW
187466960;SIMPLE STORY;SIMPLE STORY;2776.0;2162.0;1203-LED24CL
180952631;SIMPLE STORY;SIMPLE STORY;2742.0;2136.0;2061-LED12CLW
122900318;SIMPLE STORY;SIMPLE STORY;2741.0;2135.0;2062-LED12CLW
187818555;SIMPLE STORY;SIMPLE STORY;2572.0;2003.0;2059-LED12CLW
180621943;SIMPLE STORY;SIMPLE STORY;2509.0;1954.0;2076-LED24DLW
180621944;SIMPLE STORY;SIMPLE STORY;2509.0;1954.0;2076-LED24DLB
187747896;SIMPLE STORY;SIMPLE STORY;2205.0;1717.0;2068-2DLBG
187759046;SIMPLE STORY;SIMPLE STORY;2083.0;1622.0;2058-1TRW
122900338;SIMPLE STORY;SIMPLE STORY;1842.0;1434.0;2019-1CLW
181066647;SIMPLE STORY;SIMPLE STORY;1802.0;1403.0;2065-1CLW
181522381;SIMPLE STORY;SIMPLE STORY;1590.0;1238.0;2080-LED12DLW
181522379;SIMPLE STORY;SIMPLE STORY;1590.0;1238.0;2079-LED12DLW
122902759;SIMPLE STORY;SIMPLE STORY;1538.0;1198.0;2064-1DLB
181048950;SIMPLE STORY;SIMPLE STORY;1539.0;1198.0;2064-1DLW
181048015;SIMPLE STORY;SIMPLE STORY;1526.0;1188.0;2064-1CLW
181048014;SIMPLE STORY;SIMPLE STORY;1526.0;1188.0;2064-1CLB
122900341;SIMPLE STORY;SIMPLE STORY;1426.0;1110.0;2010-LED10TRB
181522376;SIMPLE STORY;SIMPLE STORY;1267.0;986.0;2078-LED7DLW
181522378;SIMPLE STORY;SIMPLE STORY;1042.0;811.0;2079-LED7DLW
181537258;SIMPLE STORY;SIMPLE STORY;1042.0;811.0;2081-LED7DLW
181522380;SIMPLE STORY;SIMPLE STORY;1041.0;810.0;2080-LED7DLW
122900317;SIMPLE STORY;SIMPLE STORY;1035.0;806.0;2010-LED5TRB
181290545;SIMPLE STORY;SIMPLE STORY;990.0;771.0;2068-1DLBG
181302322;SIMPLE STORY;SIMPLE STORY;990.0;771.0;2069-1DLBW
181302323;SIMPLE STORY;SIMPLE STORY;990.0;771.0;2069-1DLWB
181290546;SIMPLE STORY;SIMPLE STORY;990.0;771.0;2068-1DLBW
181131317;SIMPLE STORY;SIMPLE STORY;950.0;740.0;2067-1DLBW
181131318;SIMPLE STORY;SIMPLE STORY;950.0;740.0;2067-1DLWB
181125803;SIMPLE STORY;SIMPLE STORY;950.0;740.0;2066-1DLG
181125801;SIMPLE STORY;SIMPLE STORY;950.0;740.0;2066-1DLBG
181311217;SIMPLE STORY;SIMPLE STORY;945.0;736.0;2073-1DLWB
181311216;SIMPLE STORY;SIMPLE STORY;945.0;736.0;2073-1DLBW
181621897;SIMPLE STORY;SIMPLE STORY;510.0;426.0;2088-LED12DLW
181621898;SIMPLE STORY;SIMPLE STORY;510.0;426.0;2088-LED18DLW
181621899;SIMPLE STORY;SIMPLE STORY;510.0;426.0;2089-LED12DLW
187980498;SIMPLE STORY;SIMPLE STORY;477.0;398.0;2072-1DLG
184973550;SIMPLE STORY;SIMPLE STORY;46500.0;36223.0;1061-7PL
180137786;SIMPLE STORY;SIMPLE STORY;9363.0;7293.0;1204-LED48CL
191101421;AllConsoles;AllConsoles;24862.0;11829.0;1072-CB clear
95059820;AllConsoles;AllConsoles;33486.0;13581.0;1044-CS clear
95059816;AllConsoles;AllConsoles;36520.0;14812.0;1043-CS clear
148263910;AllConsoles;AllConsoles;46325.0;18789.0;1123-CS grey
148263900;AllConsoles;AllConsoles;45379.0;18405.0;1124-CS grey
148263906;AllConsoles;AllConsoles;45115.0;18298.0;1123-CS clear
185222410;SIMPLE STORY;SIMPLE STORY;21273.0;17443.0;1002-9PL
186620128;SIMPLE STORY;SIMPLE STORY;5993.0;4668.0;1052-1PL
180719551;SIMPLE STORY;SIMPLE STORY;2287.0;1781.0;2052-LED10CLB
179957729;SIMPLE STORY;SIMPLE STORY;2170.0;1690.0;2046-LED10TRW
180359556;SIMPLE STORY;SIMPLE STORY;1267.0;986.0;2035-1CLB
180262062;SIMPLE STORY;SIMPLE STORY;1144.0;891.0;2039-1CLW
180875977;SIMPLE STORY;SIMPLE STORY;1128.0;878.0;2043-LED10TRW
179763785;SIMPLE STORY;SIMPLE STORY;945.0;736.0;2028-1DLB
148263896;AllConsoles;AllConsoles;44421.0;18017.0;1124-CS clear
180648389;SIMPLE STORY;SIMPLE STORY;1572.0;1224.0;2044-LED10TRW
179916580;SIMPLE STORY;SIMPLE STORY;2387.0;1859.0;2040-1TRB
122900612;SIMPLE STORY;SIMPLE STORY;11857.0;9236.0;1140-1PL
122900604;SIMPLE STORY;SIMPLE STORY;11492.0;8952.0;1035-1WL
122900315;SIMPLE STORY;SIMPLE STORY;10764.0;8385.0;1110-3WL
122900607;SIMPLE STORY;SIMPLE STORY;8265.0;6438.0;1100-1WL
122900325;SIMPLE STORY;SIMPLE STORY;6872.0;5635.0;1029-1PL
122900329;SIMPLE STORY;SIMPLE STORY;6888.0;5365.0;1169-1PL
122900344;SIMPLE STORY;SIMPLE STORY;6888.0;5365.0;1168-1PL
182072400;SIMPLE STORY;SIMPLE STORY;990.0;752.0;2001-1TRB
182072401;SIMPLE STORY;SIMPLE STORY;990.0;752.0;2001-1TRW
182508972;SIMPLE STORY;SIMPLE STORY;765.0;581.0;2008-TRB
182508971;SIMPLE STORY;SIMPLE STORY;765.0;581.0;2008-TRW
182068636;SIMPLE STORY;SIMPLE STORY;423.0;372.0;2009-TRW
182108235;SIMPLE STORY;SIMPLE STORY;360.0;316.0;2006-TRB
182108234;SIMPLE STORY;SIMPLE STORY;360.0;316.0;2005-TRW
182108233;SIMPLE STORY;SIMPLE STORY;360.0;316.0;2005-TRB
182108236;SIMPLE STORY;SIMPLE STORY;360.0;316.0;2006-TRW
182108230;SIMPLE STORY;SIMPLE STORY;199.0;199.0;2003-TRW
181290549;SIMPLE STORY;SIMPLE STORY;990.0;771.0;2068-1DLWB
181290547;SIMPLE STORY;SIMPLE STORY;990.0;771.0;2068-1DLG
180529627;SIMPLE STORY;SIMPLE STORY;824.0;641.0;2074-1DLB
181621896;SIMPLE STORY;SIMPLE STORY;532.0;414.0;2086-LED18DLW
181621895;SIMPLE STORY;SIMPLE STORY;510.0;426.0;2086-LED12DLW
181066648;SIMPLE STORY;SIMPLE STORY;1802.0;1403.0;2065-1CLB
191350166;AllConsoles;AllConsoles;39566.0;17899.0;1092-CG grey
133676996;AllConsoles;AllConsoles;34444.0;13970.0;1044-CS grey
95059818;AllConsoles;AllConsoles;37730.0;15303.0;1043-CS grey
191101425;AllConsoles;AllConsoles;29336.0;13271.0;1072-CS clear
190952200;AllConsoles;AllConsoles;31403.0;12737.0;1071-CG grey
190952199;AllConsoles;AllConsoles;35367.0;12413.0;1071-CG clear
191215941;AllConsoles;AllConsoles;24867.0;11249.0;1073-CG grey
191101426;AllConsoles;AllConsoles;29420.0;13539.0;1072-CS grey
191349950;AllConsoles;AllConsoles;47360.0;19578.0;1091-CG grey
191101424;AllConsoles;AllConsoles;25424.0;12096.0;1072-CG grey
191215940;AllConsoles;AllConsoles;29349.0;10988.0;1073-CG clear
190937344;AllConsoles;AllConsoles;30029.0;12413.0;1071-CB clear
183869807;SIMPLE STORY;SIMPLE STORY;67497.0;52580.0;58231-6PL
183869808;SIMPLE STORY;SIMPLE STORY;60300.0;49446.0;58281-6PL
183869805;SIMPLE STORY;SIMPLE STORY;52194.0;40659.0;58131-6PL
183869806;SIMPLE STORY;SIMPLE STORY;47775.0;37216.0;58181-6PL
183876849;SIMPLE STORY;SIMPLE STORY;46793.0;36451.0;5581-5CL
183794170;SIMPLE STORY;SIMPLE STORY;43193.0;33647.0;5521-5CL
184007891;SIMPLE STORY;SIMPLE STORY;38700.0;30147.0;48171-4PL
184330983;SIMPLE STORY;SIMPLE STORY;36860.0;28713.0;1020-LED15PL
183434377;SIMPLE STORY;SIMPLE STORY;29568.0;23033.0;1024-LED30PL
185013167;SIMPLE STORY;SIMPLE STORY;23950.0;19639.0;1077-7PL
182843520;SIMPLE STORY;SIMPLE STORY;24300.0;18929.0;1001-10PL
185013168;SIMPLE STORY;SIMPLE STORY;23975.0;18676.0;1078-7PL
182926748;SIMPLE STORY;SIMPLE STORY;21278.0;17447.0;1001-7PL
185379563;SIMPLE STORY;SIMPLE STORY;21555.0;16791.0;1072-9CL
187638702;SIMPLE STORY;SIMPLE STORY;21207.0;16520.0;1014-9PL
185485163;SIMPLE STORY;SIMPLE STORY;20877.0;16263.0;1048-12PL
185145789;SIMPLE STORY;SIMPLE STORY;19053.0;14842.0;1057-8PL
185485161;SIMPLE STORY;SIMPLE STORY;17082.0;14007.0;1017-10PL
185485162;SIMPLE STORY;SIMPLE STORY;17910.0;13951.0;1018-10PL
187360908;SIMPLE STORY;SIMPLE STORY;17442.0;13587.0;1056-LED24PL
182926747;SIMPLE STORY;SIMPLE STORY;15732.0;12255.0;1001-5PL
185403124;SIMPLE STORY;SIMPLE STORY;15249.0;11878.0;1159-LED30PL
186842114;SIMPLE STORY;SIMPLE STORY;12957.0;10624.0;1009-8CL
186613373;SIMPLE STORY;SIMPLE STORY;9930.0;8142.0;1074-8CL
182429290;SIMPLE STORY;SIMPLE STORY;9363.0;7293.0;1205-LED36CL
186613375;SIMPLE STORY;SIMPLE STORY;8922.0;6950.0;1075-8CL
186010092;SIMPLE STORY;SIMPLE STORY;8691.0;6770.0;1119-1PL
186620130;SIMPLE STORY;SIMPLE STORY;6552.0;5372.0;1054-1PL
186613372;SIMPLE STORY;SIMPLE STORY;6897.0;5372.0;1074-6CL
186842113;SIMPLE STORY;SIMPLE STORY;6087.0;4741.0;1009-3CL
186613371;SIMPLE STORY;SIMPLE STORY;5997.0;4671.0;1074-5CL
186620127;SIMPLE STORY;SIMPLE STORY;5197.0;4261.0;1051-1PL
182712368;SIMPLE STORY;SIMPLE STORY;4800.0;3739.0;2057-LED3PLW
187466963;SIMPLE STORY;SIMPLE STORY;4676.0;3642.0;1205-LED16CL
186620125;SIMPLE STORY;SIMPLE STORY;4342.0;3382.0;1049-1PL
186937424;SIMPLE STORY;SIMPLE STORY;4072.0;3172.0;1056-LED6PL
187209167;SIMPLE STORY;SIMPLE STORY;3544.0;2760.0;1017-1WL
187617863;SIMPLE STORY;SIMPLE STORY;2652.0;2174.0;1047-1WL
180888161;SIMPLE STORY;SIMPLE STORY;2688.0;2093.0;2043-LED30TRW
187592925;SIMPLE STORY;SIMPLE STORY;2517.0;1960.0;1009-1WL
180721454;SIMPLE STORY;SIMPLE STORY;2406.0;1874.0;2055-LED10CLW
179916582;SIMPLE STORY;SIMPLE STORY;2387.0;1859.0;2040-1TRW
187594397;SIMPLE STORY;SIMPLE STORY;2380.0;1854.0;1059-1WL
182511395;SIMPLE STORY;SIMPLE STORY;2313.0;1801.0;2010-LED20TRB
182511396;SIMPLE STORY;SIMPLE STORY;2313.0;1801.0;2010-LED20TRW
180719550;SIMPLE STORY;SIMPLE STORY;2287.0;1781.0;2052-LED10CLW
179399463;SIMPLE STORY;SIMPLE STORY;2287.0;1781.0;2053-LED10CLB
180717735;SIMPLE STORY;SIMPLE STORY;2287.0;1781.0;2053-LED10CLW
180888163;SIMPLE STORY;SIMPLE STORY;2252.0;1754.0;2043-LED30TRB
179958047;SIMPLE STORY;SIMPLE STORY;2170.0;1690.0;2046-LED10TRB
187810054;SIMPLE STORY;SIMPLE STORY;2086.0;1624.0;2059-LED7CLB
187810056;SIMPLE STORY;SIMPLE STORY;2083.0;1622.0;2060-LED7CLB
180636556;SIMPLE STORY;SIMPLE STORY;2052.0;1598.0;2024-3DLB
180636555;SIMPLE STORY;SIMPLE STORY;2052.0;1598.0;2024-3DLW
180869592;SIMPLE STORY;SIMPLE STORY;1948.0;1517.0;2040-1PLW
180880920;SIMPLE STORY;SIMPLE STORY;1912.0;1489.0;2043-LED20TRB
182711183;SIMPLE STORY;SIMPLE STORY;1852.0;1442.0;2048-LED10PLW
182711182;SIMPLE STORY;SIMPLE STORY;1852.0;1442.0;2049-LED10PLW
187210039;SIMPLE STORY;SIMPLE STORY;1793.0;1396.0;1074-1WL
187210040;SIMPLE STORY;SIMPLE STORY;1707.0;1329.0;1075-1WL
180878226;SIMPLE STORY;SIMPLE STORY;1652.0;1286.0;2043-LED15TRB
180878229;SIMPLE STORY;SIMPLE STORY;1652.0;1286.0;2043-LED15TRW
180648388;SIMPLE STORY;SIMPLE STORY;1572.0;1224.0;2044-LED10TRB
180650211;SIMPLE STORY;SIMPLE STORY;1572.0;1224.0;2045-LED10TRB
180650210;SIMPLE STORY;SIMPLE STORY;1572.0;1224.0;2045-LED10TRW
182529671;SIMPLE STORY;SIMPLE STORY;1557.0;1212.0;2010-LED15TRB
182529672;SIMPLE STORY;SIMPLE STORY;1557.0;1212.0;2010-LED15TRW
180163411;SIMPLE STORY;SIMPLE STORY;1539.0;1198.0;2032-1DLW
179799726;SIMPLE STORY;SIMPLE STORY;1454.0;1132.0;2076-LED12DLW
179799724;SIMPLE STORY;SIMPLE STORY;1454.0;1132.0;2076-LED12DLB
187759045;SIMPLE STORY;SIMPLE STORY;1428.0;1112.0;2042-1TRW
182520641;SIMPLE STORY;SIMPLE STORY;1427.0;1111.0;2010-LED10TRW
180359558;SIMPLE STORY;SIMPLE STORY;1267.0;986.0;2035-1CLW
180262063;SIMPLE STORY;SIMPLE STORY;1144.0;891.0;2039-1CLB
180875978;SIMPLE STORY;SIMPLE STORY;1128.0;878.0;2043-LED10TRB
182315468;SIMPLE STORY;SIMPLE STORY;1095.0;853.0;2020-1CLW
180423646;SIMPLE STORY;SIMPLE STORY;1035.0;806.0;2010-LED5TRW
181125805;SIMPLE STORY;SIMPLE STORY;950.0;779.0;2066-1DLB
180458529;SIMPLE STORY;SIMPLE STORY;995.0;775.0;2075-1DLB
181290544;SIMPLE STORY;SIMPLE STORY;990.0;771.0;2068-1DLB
180463256;SIMPLE STORY;SIMPLE STORY;945.0;736.0;2073-1DLGRW
180463258;SIMPLE STORY;SIMPLE STORY;945.0;736.0;2073-1DLGRB
179763786;SIMPLE STORY;SIMPLE STORY;945.0;736.0;2028-1DLW
180891384;SIMPLE STORY;SIMPLE STORY;928.0;722.0;2043-LED5TRB
180529630;SIMPLE STORY;SIMPLE STORY;909.0;708.0;2074-1DLW
180225736;SIMPLE STORY;SIMPLE STORY;842.0;655.0;2027-1DLB
180225737;SIMPLE STORY;SIMPLE STORY;842.0;655.0;2027-1DLW
180891382;SIMPLE STORY;SIMPLE STORY;840.0;654.0;2043-LED5TRW
179905698;SIMPLE STORY;SIMPLE STORY;806.0;627.0;2031-1DLB
187945901;SIMPLE STORY;SIMPLE STORY;790.0;615.0;2023-1DLB
187980496;SIMPLE STORY;SIMPLE STORY;710.0;553.0;2026-1DLB
179729303;SIMPLE STORY;SIMPLE STORY;540.0;420.0;2011-1DLW
180880919;SIMPLE STORY;SIMPLE STORY;2212.0;1723.0;2043-LED20TRW
179729304;SIMPLE STORY;SIMPLE STORY;540.0;420.0;2012-1DLW
187823636;SIMPLE STORY;SIMPLE STORY;564.0;439.0;2013-1DLW
187823637;SIMPLE STORY;SIMPLE STORY;594.0;462.0;2014-1DLW
